"school","gender","decision"
"A","M","Yes"
"A","M","Yes"
"A","M","Yes"
"A","M","Yes"
"A","M","Yes"
"A","M","Yes"
"A","M","Yes"
"A","M","Yes"
"A","M","Yes"
"A","M","Yes"
"A","M","Yes"
"A","M","Yes"
"A","M","Yes"
"A","M","Yes"
"A","M","Yes"
"A","M","Yes"
"A","M","Yes"
"A","M","Yes"
"A","M","Yes"
"A","M","Yes"
"A","M","Yes"
"A","M","Yes"
"A","M","Yes"
"A","M","Yes"
"A","M","Yes"
"A","M","Yes"
"A","M","Yes"
"A","M","Yes"
"A","M","Yes"
"A","M","Yes"
"A","M","Yes"
"A","M","Yes"
"A","M","Yes"
"A","M","Yes"
"A","M","Yes"
"A","M","Yes"
"A","M","Yes"
"A","M","Yes"
"A","M","Yes"
"A","M","Yes"
"A","M","Yes"
"A","M","Yes"
"A","M","Yes"
"A","M","Yes"
"A","M","Yes"
"A","M","Yes"
"A","M","Yes"
"A","M","Yes"
"A","M","Yes"
"A","M","Yes"
"A","M","Yes"
"A","M","Yes"
"A","M","Yes"
"A","M","Yes"
"A","M","Yes"
"A","M","Yes"
"A","M","Yes"
"A","M","Yes"
"A","M","Yes"
"A","M","Yes"
"A","M","Yes"
"A","M","Yes"
"A","M","Yes"
"A","M","Yes"
"A","M","Yes"
"A","M","Yes"
"A","M","Yes"
"A","M","Yes"
"A","M","Yes"
"A","M","Yes"
"A","M","Yes"
"A","M","Yes"
"A","M","Yes"
"A","M","Yes"
"A","M","Yes"
"A","M","Yes"
"A","M","Yes"
"A","M","Yes"
"A","M","Yes"
"A","M","Yes"
"A","M","Yes"
"A","M","Yes"
"A","M","Yes"
"A","M","Yes"
"A","M","Yes"
"A","M","Yes"
"A","M","Yes"
"A","M","Yes"
"A","M","Yes"
"A","M","Yes"
"A","M","Yes"
"A","M","Yes"
"A","M","Yes"
"A","M","Yes"
"A","M","Yes"
"A","M","Yes"
"A","M","Yes"
"A","M","Yes"
"A","M","Yes"
"A","M","Yes"
"A","M","Yes"
"A","M","Yes"
"A","M","Yes"
"A","M","Yes"
"A","M","Yes"
"A","M","Yes"
"A","M","Yes"
"A","M","Yes"
"A","M","Yes"
"A","M","Yes"
"A","M","Yes"
"A","M","Yes"
"A","M","Yes"
"A","M","Yes"
"A","M","Yes"
"A","M","Yes"
"A","M","Yes"
"A","M","Yes"
"A","M","Yes"
"A","M","Yes"
"A","M","Yes"
"A","M","Yes"
"A","M","Yes"
"A","M","Yes"
"A","M","Yes"
"A","M","Yes"
"A","M","Yes"
"A","M","Yes"
"A","M","Yes"
"A","M","Yes"
"A","M","Yes"
"A","M","Yes"
"A","M","Yes"
"A","M","Yes"
"A","M","Yes"
"A","M","Yes"
"A","M","Yes"
"A","M","Yes"
"A","M","Yes"
"A","M","Yes"
"A","M","Yes"
"A","M","Yes"
"A","M","Yes"
"A","M","Yes"
"A","M","Yes"
"A","M","Yes"
"A","M","Yes"
"A","M","Yes"
"A","M","Yes"
"A","M","Yes"
"A","M","Yes"
"A","M","Yes"
"A","M","Yes"
"A","M","Yes"
"A","M","Yes"
"A","M","Yes"
"A","M","Yes"
"A","M","Yes"
"A","M","Yes"
"A","M","Yes"
"A","M","Yes"
"A","M","Yes"
"A","M","Yes"
"A","M","Yes"
"A","M","Yes"
"A","M","Yes"
"A","M","Yes"
"A","M","Yes"
"A","M","Yes"
"A","M","Yes"
"A","M","Yes"
"A","M","Yes"
"A","M","Yes"
"A","M","Yes"
"A","M","Yes"
"A","M","Yes"
"A","M","Yes"
"A","M","Yes"
"A","M","Yes"
"A","M","Yes"
"A","M","Yes"
"A","M","Yes"
"A","M","Yes"
"A","M","Yes"
"A","M","Yes"
"A","M","Yes"
"A","M","Yes"
"A","M","Yes"
"A","M","Yes"
"A","M","Yes"
"A","M","Yes"
"A","M","Yes"
"A","M","Yes"
"A","M","Yes"
"A","M","Yes"
"A","M","Yes"
"A","M","Yes"
"A","M","Yes"
"A","M","Yes"
"A","M","Yes"
"A","M","Yes"
"A","M","Yes"
"A","M","Yes"
"A","M","Yes"
"A","M","Yes"
"A","M","Yes"
"A","M","Yes"
"A","M","Yes"
"A","M","Yes"
"A","M","Yes"
"A","M","Yes"
"A","M","Yes"
"A","M","Yes"
"A","M","Yes"
"A","M","Yes"
"A","M","Yes"
"A","M","Yes"
"A","M","Yes"
"A","M","Yes"
"A","M","Yes"
"A","M","Yes"
"A","M","Yes"
"A","M","Yes"
"A","M","Yes"
"A","M","Yes"
"A","M","Yes"
"A","M","Yes"
"A","M","Yes"
"A","M","Yes"
"A","M","Yes"
"A","M","Yes"
"A","M","Yes"
"A","M","Yes"
"A","M","Yes"
"A","M","Yes"
"A","M","Yes"
"A","M","Yes"
"A","M","Yes"
"A","M","Yes"
"A","M","Yes"
"A","M","Yes"
"A","M","Yes"
"A","M","Yes"
"A","M","Yes"
"A","M","Yes"
"A","M","Yes"
"A","M","Yes"
"A","M","Yes"
"A","M","Yes"
"A","M","Yes"
"A","M","Yes"
"A","M","Yes"
"A","M","Yes"
"A","M","Yes"
"A","M","Yes"
"A","M","Yes"
"A","M","Yes"
"A","M","Yes"
"A","M","Yes"
"A","M","Yes"
"A","M","Yes"
"A","M","Yes"
"A","M","Yes"
"A","M","Yes"
"A","M","Yes"
"A","M","Yes"
"A","M","Yes"
"A","M","Yes"
"A","M","Yes"
"A","M","Yes"
"A","M","Yes"
"A","M","Yes"
"A","M","Yes"
"A","M","Yes"
"A","M","Yes"
"A","M","Yes"
"A","M","Yes"
"A","M","Yes"
"A","M","Yes"
"A","M","Yes"
"A","M","Yes"
"A","M","Yes"
"A","M","Yes"
"A","M","Yes"
"A","M","Yes"
"A","M","Yes"
"A","M","Yes"
"A","M","Yes"
"A","M","Yes"
"A","M","Yes"
"A","M","Yes"
"A","M","Yes"
"A","M","Yes"
"A","M","Yes"
"A","M","Yes"
"A","M","Yes"
"A","M","Yes"
"A","M","Yes"
"A","M","Yes"
"A","M","Yes"
"A","M","Yes"
"A","M","Yes"
"A","M","Yes"
"A","M","Yes"
"A","M","Yes"
"A","M","Yes"
"A","M","Yes"
"A","M","Yes"
"A","M","Yes"
"A","M","Yes"
"A","M","Yes"
"A","M","Yes"
"A","M","Yes"
"A","M","Yes"
"A","M","Yes"
"A","M","Yes"
"A","M","Yes"
"A","M","Yes"
"A","M","Yes"
"A","M","Yes"
"A","M","Yes"
"A","M","Yes"
"A","M","Yes"
"A","M","Yes"
"A","M","Yes"
"A","M","Yes"
"A","M","Yes"
"A","M","Yes"
"A","M","Yes"
"A","M","Yes"
"A","M","Yes"
"A","M","Yes"
"A","M","Yes"
"A","M","Yes"
"A","M","Yes"
"A","M","Yes"
"A","M","Yes"
"A","M","Yes"
"A","M","Yes"
"A","M","Yes"
"A","M","Yes"
"A","M","Yes"
"A","M","Yes"
"A","M","Yes"
"A","M","Yes"
"A","M","Yes"
"A","M","Yes"
"A","M","Yes"
"A","M","Yes"
"A","M","Yes"
"A","M","Yes"
"A","M","Yes"
"A","M","Yes"
"A","M","Yes"
"A","M","Yes"
"A","M","Yes"
"A","M","Yes"
"A","M","Yes"
"A","M","Yes"
"A","M","Yes"
"A","M","Yes"
"A","M","Yes"
"A","M","Yes"
"A","M","Yes"
"A","M","Yes"
"A","M","Yes"
"A","M","Yes"
"A","M","Yes"
"A","M","Yes"
"A","M","Yes"
"A","M","Yes"
"A","M","Yes"
"A","M","Yes"
"A","M","Yes"
"A","M","Yes"
"A","M","Yes"
"A","M","Yes"
"A","M","Yes"
"A","M","Yes"
"A","M","Yes"
"A","M","Yes"
"A","M","Yes"
"A","M","Yes"
"A","M","Yes"
"A","M","Yes"
"A","M","Yes"
"A","M","Yes"
"A","M","Yes"
"A","M","Yes"
"A","M","Yes"
"A","M","Yes"
"A","M","Yes"
"A","M","Yes"
"A","M","Yes"
"A","M","Yes"
"A","M","Yes"
"A","M","Yes"
"A","M","Yes"
"A","M","Yes"
"A","M","Yes"
"A","M","Yes"
"A","M","Yes"
"A","M","Yes"
"A","M","Yes"
"A","M","Yes"
"A","M","Yes"
"A","M","Yes"
"A","M","Yes"
"A","M","Yes"
"A","M","Yes"
"A","M","Yes"
"A","M","Yes"
"A","M","Yes"
"A","M","Yes"
"A","M","Yes"
"A","M","Yes"
"A","M","Yes"
"A","M","Yes"
"A","M","Yes"
"A","M","Yes"
"A","M","Yes"
"A","M","Yes"
"A","M","Yes"
"A","M","Yes"
"A","M","Yes"
"A","M","Yes"
"A","M","Yes"
"A","M","Yes"
"A","M","Yes"
"A","M","Yes"
"A","M","Yes"
"A","M","Yes"
"A","M","Yes"
"A","M","Yes"
"A","M","Yes"
"A","M","Yes"
"A","M","Yes"
"A","M","Yes"
"A","M","Yes"
"A","M","Yes"
"A","M","Yes"
"A","M","Yes"
"A","M","Yes"
"A","M","Yes"
"A","M","Yes"
"A","M","Yes"
"A","M","Yes"
"A","M","Yes"
"A","M","Yes"
"A","M","Yes"
"A","M","Yes"
"A","M","Yes"
"A","M","Yes"
"A","M","Yes"
"A","M","Yes"
"A","M","Yes"
"A","M","Yes"
"A","M","Yes"
"A","M","Yes"
"A","M","Yes"
"A","M","Yes"
"A","M","Yes"
"A","M","Yes"
"A","M","Yes"
"A","M","Yes"
"A","M","Yes"
"A","M","Yes"
"A","M","Yes"
"A","M","Yes"
"A","M","Yes"
"A","M","Yes"
"A","M","Yes"
"A","M","Yes"
"A","M","Yes"
"A","M","Yes"
"A","M","Yes"
"A","M","Yes"
"A","M","Yes"
"A","M","Yes"
"A","M","Yes"
"A","M","Yes"
"A","M","Yes"
"A","M","Yes"
"A","M","Yes"
"A","M","Yes"
"A","M","Yes"
"A","M","Yes"
"A","M","Yes"
"A","M","Yes"
"A","M","Yes"
"A","M","Yes"
"A","M","Yes"
"A","M","Yes"
"A","M","Yes"
"A","M","Yes"
"A","M","Yes"
"A","M","Yes"
"A","M","Yes"
"A","M","Yes"
"A","M","Yes"
"A","M","Yes"
"A","M","Yes"
"A","M","Yes"
"A","M","Yes"
"A","M","Yes"
"A","M","Yes"
"A","M","Yes"
"A","M","Yes"
"A","M","Yes"
"A","M","Yes"
"A","M","Yes"
"A","M","Yes"
"A","M","No"
"A","M","No"
"A","M","No"
"A","M","No"
"A","M","No"
"A","M","No"
"A","M","No"
"A","M","No"
"A","M","No"
"A","M","No"
"A","M","No"
"A","M","No"
"A","M","No"
"A","M","No"
"A","M","No"
"A","M","No"
"A","M","No"
"A","M","No"
"A","M","No"
"A","M","No"
"A","M","No"
"A","M","No"
"A","M","No"
"A","M","No"
"A","M","No"
"A","M","No"
"A","M","No"
"A","M","No"
"A","M","No"
"A","M","No"
"A","M","No"
"A","M","No"
"A","M","No"
"A","M","No"
"A","M","No"
"A","M","No"
"A","M","No"
"A","M","No"
"A","M","No"
"A","M","No"
"A","M","No"
"A","M","No"
"A","M","No"
"A","M","No"
"A","M","No"
"A","M","No"
"A","M","No"
"A","M","No"
"A","M","No"
"A","M","No"
"A","M","No"
"A","M","No"
"A","M","No"
"A","M","No"
"A","M","No"
"A","M","No"
"A","M","No"
"A","M","No"
"A","M","No"
"A","M","No"
"A","M","No"
"A","M","No"
"A","M","No"
"A","M","No"
"A","M","No"
"A","M","No"
"A","M","No"
"A","M","No"
"A","M","No"
"A","M","No"
"A","M","No"
"A","M","No"
"A","M","No"
"A","M","No"
"A","M","No"
"A","M","No"
"A","M","No"
"A","M","No"
"A","M","No"
"A","M","No"
"A","M","No"
"A","M","No"
"A","M","No"
"A","M","No"
"A","M","No"
"A","M","No"
"A","M","No"
"A","M","No"
"A","M","No"
"A","M","No"
"A","M","No"
"A","M","No"
"A","M","No"
"A","M","No"
"A","M","No"
"A","M","No"
"A","M","No"
"A","M","No"
"A","M","No"
"A","M","No"
"A","M","No"
"A","M","No"
"A","M","No"
"A","M","No"
"A","M","No"
"A","M","No"
"A","M","No"
"A","M","No"
"A","M","No"
"A","M","No"
"A","M","No"
"A","M","No"
"A","M","No"
"A","M","No"
"A","M","No"
"A","M","No"
"A","M","No"
"A","M","No"
"A","M","No"
"A","M","No"
"A","M","No"
"A","M","No"
"A","M","No"
"A","M","No"
"A","M","No"
"A","M","No"
"A","M","No"
"A","M","No"
"A","M","No"
"A","M","No"
"A","M","No"
"A","M","No"
"A","M","No"
"A","M","No"
"A","M","No"
"A","M","No"
"A","M","No"
"A","M","No"
"A","M","No"
"A","M","No"
"A","M","No"
"A","M","No"
"A","M","No"
"A","M","No"
"A","M","No"
"A","M","No"
"A","M","No"
"A","M","No"
"A","M","No"
"A","M","No"
"A","M","No"
"A","M","No"
"A","M","No"
"A","M","No"
"A","M","No"
"A","M","No"
"A","M","No"
"A","M","No"
"A","M","No"
"A","M","No"
"A","M","No"
"A","M","No"
"A","M","No"
"A","M","No"
"A","M","No"
"A","M","No"
"A","M","No"
"A","M","No"
"A","M","No"
"A","M","No"
"A","M","No"
"A","M","No"
"A","M","No"
"A","M","No"
"A","M","No"
"A","M","No"
"A","M","No"
"A","M","No"
"A","M","No"
"A","M","No"
"A","M","No"
"A","M","No"
"A","M","No"
"A","M","No"
"A","M","No"
"A","M","No"
"A","M","No"
"A","M","No"
"A","M","No"
"A","M","No"
"A","M","No"
"A","M","No"
"A","M","No"
"A","M","No"
"A","M","No"
"A","M","No"
"A","M","No"
"A","M","No"
"A","M","No"
"A","M","No"
"A","M","No"
"A","M","No"
"A","M","No"
"A","M","No"
"A","M","No"
"A","M","No"
"A","M","No"
"A","M","No"
"A","M","No"
"A","M","No"
"A","M","No"
"A","M","No"
"A","M","No"
"A","M","No"
"A","M","No"
"A","M","No"
"A","M","No"
"A","M","No"
"A","M","No"
"A","M","No"
"A","M","No"
"A","M","No"
"A","M","No"
"A","M","No"
"A","M","No"
"A","M","No"
"A","M","No"
"A","M","No"
"A","M","No"
"A","M","No"
"A","M","No"
"A","M","No"
"A","M","No"
"A","M","No"
"A","M","No"
"A","M","No"
"A","M","No"
"A","M","No"
"A","M","No"
"A","M","No"
"A","M","No"
"A","M","No"
"A","M","No"
"A","M","No"
"A","M","No"
"A","M","No"
"A","M","No"
"A","M","No"
"A","M","No"
"A","M","No"
"A","M","No"
"A","M","No"
"A","M","No"
"A","M","No"
"A","M","No"
"A","M","No"
"A","M","No"
"A","M","No"
"A","M","No"
"A","M","No"
"A","M","No"
"A","M","No"
"A","M","No"
"A","M","No"
"A","M","No"
"A","M","No"
"A","M","No"
"A","M","No"
"A","M","No"
"A","M","No"
"A","M","No"
"A","M","No"
"A","M","No"
"A","M","No"
"A","M","No"
"A","M","No"
"A","M","No"
"A","M","No"
"A","M","No"
"A","M","No"
"A","M","No"
"A","M","No"
"A","M","No"
"A","M","No"
"A","M","No"
"A","M","No"
"A","M","No"
"A","M","No"
"A","M","No"
"A","M","No"
"A","M","No"
"A","M","No"
"A","M","No"
"A","M","No"
"A","M","No"
"A","M","No"
"A","M","No"
"A","M","No"
"A","M","No"
"A","M","No"
"A","M","No"
"A","M","No"
"A","M","No"
"A","M","No"
"A","M","No"
"A","M","No"
"A","M","No"
"A","M","No"
"A","M","No"
"A","M","No"
"A","M","No"
"A","M","No"
"A","W","Yes"
"A","W","Yes"
"A","W","Yes"
"A","W","Yes"
"A","W","Yes"
"A","W","Yes"
"A","W","Yes"
"A","W","Yes"
"A","W","Yes"
"A","W","Yes"
"A","W","Yes"
"A","W","Yes"
"A","W","Yes"
"A","W","Yes"
"A","W","Yes"
"A","W","Yes"
"A","W","Yes"
"A","W","Yes"
"A","W","Yes"
"A","W","Yes"
"A","W","Yes"
"A","W","Yes"
"A","W","Yes"
"A","W","Yes"
"A","W","Yes"
"A","W","Yes"
"A","W","Yes"
"A","W","Yes"
"A","W","Yes"
"A","W","Yes"
"A","W","Yes"
"A","W","Yes"
"A","W","Yes"
"A","W","Yes"
"A","W","Yes"
"A","W","Yes"
"A","W","Yes"
"A","W","Yes"
"A","W","Yes"
"A","W","Yes"
"A","W","Yes"
"A","W","Yes"
"A","W","Yes"
"A","W","Yes"
"A","W","Yes"
"A","W","Yes"
"A","W","Yes"
"A","W","Yes"
"A","W","Yes"
"A","W","Yes"
"A","W","Yes"
"A","W","Yes"
"A","W","Yes"
"A","W","Yes"
"A","W","Yes"
"A","W","Yes"
"A","W","Yes"
"A","W","Yes"
"A","W","Yes"
"A","W","Yes"
"A","W","Yes"
"A","W","Yes"
"A","W","Yes"
"A","W","Yes"
"A","W","Yes"
"A","W","Yes"
"A","W","Yes"
"A","W","Yes"
"A","W","Yes"
"A","W","Yes"
"A","W","Yes"
"A","W","Yes"
"A","W","Yes"
"A","W","Yes"
"A","W","Yes"
"A","W","Yes"
"A","W","Yes"
"A","W","Yes"
"A","W","Yes"
"A","W","Yes"
"A","W","Yes"
"A","W","Yes"
"A","W","Yes"
"A","W","Yes"
"A","W","Yes"
"A","W","Yes"
"A","W","Yes"
"A","W","Yes"
"A","W","Yes"
"A","W","No"
"A","W","No"
"A","W","No"
"A","W","No"
"A","W","No"
"A","W","No"
"A","W","No"
"A","W","No"
"A","W","No"
"A","W","No"
"A","W","No"
"A","W","No"
"A","W","No"
"A","W","No"
"A","W","No"
"A","W","No"
"A","W","No"
"A","W","No"
"A","W","No"
"B","M","Yes"
"B","M","Yes"
"B","M","Yes"
"B","M","Yes"
"B","M","Yes"
"B","M","Yes"
"B","M","Yes"
"B","M","Yes"
"B","M","Yes"
"B","M","Yes"
"B","M","Yes"
"B","M","Yes"
"B","M","Yes"
"B","M","Yes"
"B","M","Yes"
"B","M","Yes"
"B","M","Yes"
"B","M","Yes"
"B","M","Yes"
"B","M","Yes"
"B","M","Yes"
"B","M","Yes"
"B","M","Yes"
"B","M","Yes"
"B","M","Yes"
"B","M","Yes"
"B","M","Yes"
"B","M","Yes"
"B","M","Yes"
"B","M","Yes"
"B","M","Yes"
"B","M","Yes"
"B","M","Yes"
"B","M","Yes"
"B","M","Yes"
"B","M","Yes"
"B","M","Yes"
"B","M","Yes"
"B","M","Yes"
"B","M","Yes"
"B","M","Yes"
"B","M","Yes"
"B","M","Yes"
"B","M","Yes"
"B","M","Yes"
"B","M","Yes"
"B","M","Yes"
"B","M","Yes"
"B","M","Yes"
"B","M","Yes"
"B","M","Yes"
"B","M","Yes"
"B","M","Yes"
"B","M","Yes"
"B","M","Yes"
"B","M","Yes"
"B","M","Yes"
"B","M","Yes"
"B","M","Yes"
"B","M","Yes"
"B","M","Yes"
"B","M","Yes"
"B","M","Yes"
"B","M","Yes"
"B","M","Yes"
"B","M","Yes"
"B","M","Yes"
"B","M","Yes"
"B","M","Yes"
"B","M","Yes"
"B","M","Yes"
"B","M","Yes"
"B","M","Yes"
"B","M","Yes"
"B","M","Yes"
"B","M","Yes"
"B","M","Yes"
"B","M","Yes"
"B","M","Yes"
"B","M","Yes"
"B","M","Yes"
"B","M","Yes"
"B","M","Yes"
"B","M","Yes"
"B","M","Yes"
"B","M","Yes"
"B","M","Yes"
"B","M","Yes"
"B","M","Yes"
"B","M","Yes"
"B","M","Yes"
"B","M","Yes"
"B","M","Yes"
"B","M","Yes"
"B","M","Yes"
"B","M","Yes"
"B","M","Yes"
"B","M","Yes"
"B","M","Yes"
"B","M","Yes"
"B","M","Yes"
"B","M","Yes"
"B","M","Yes"
"B","M","Yes"
"B","M","Yes"
"B","M","Yes"
"B","M","Yes"
"B","M","Yes"
"B","M","Yes"
"B","M","Yes"
"B","M","Yes"
"B","M","Yes"
"B","M","Yes"
"B","M","Yes"
"B","M","Yes"
"B","M","Yes"
"B","M","Yes"
"B","M","Yes"
"B","M","Yes"
"B","M","Yes"
"B","M","Yes"
"B","M","Yes"
"B","M","Yes"
"B","M","Yes"
"B","M","Yes"
"B","M","Yes"
"B","M","Yes"
"B","M","Yes"
"B","M","Yes"
"B","M","Yes"
"B","M","Yes"
"B","M","Yes"
"B","M","Yes"
"B","M","Yes"
"B","M","Yes"
"B","M","Yes"
"B","M","Yes"
"B","M","Yes"
"B","M","Yes"
"B","M","Yes"
"B","M","Yes"
"B","M","Yes"
"B","M","Yes"
"B","M","Yes"
"B","M","Yes"
"B","M","Yes"
"B","M","Yes"
"B","M","Yes"
"B","M","Yes"
"B","M","Yes"
"B","M","Yes"
"B","M","Yes"
"B","M","Yes"
"B","M","Yes"
"B","M","Yes"
"B","M","Yes"
"B","M","Yes"
"B","M","Yes"
"B","M","Yes"
"B","M","Yes"
"B","M","Yes"
"B","M","Yes"
"B","M","Yes"
"B","M","Yes"
"B","M","Yes"
"B","M","Yes"
"B","M","Yes"
"B","M","Yes"
"B","M","Yes"
"B","M","Yes"
"B","M","Yes"
"B","M","Yes"
"B","M","Yes"
"B","M","Yes"
"B","M","Yes"
"B","M","Yes"
"B","M","Yes"
"B","M","Yes"
"B","M","Yes"
"B","M","Yes"
"B","M","Yes"
"B","M","Yes"
"B","M","Yes"
"B","M","Yes"
"B","M","Yes"
"B","M","Yes"
"B","M","Yes"
"B","M","Yes"
"B","M","Yes"
"B","M","Yes"
"B","M","Yes"
"B","M","Yes"
"B","M","Yes"
"B","M","Yes"
"B","M","Yes"
"B","M","Yes"
"B","M","Yes"
"B","M","Yes"
"B","M","Yes"
"B","M","Yes"
"B","M","Yes"
"B","M","Yes"
"B","M","Yes"
"B","M","Yes"
"B","M","Yes"
"B","M","Yes"
"B","M","Yes"
"B","M","Yes"
"B","M","Yes"
"B","M","Yes"
"B","M","Yes"
"B","M","Yes"
"B","M","Yes"
"B","M","Yes"
"B","M","Yes"
"B","M","Yes"
"B","M","Yes"
"B","M","Yes"
"B","M","Yes"
"B","M","Yes"
"B","M","Yes"
"B","M","Yes"
"B","M","Yes"
"B","M","Yes"
"B","M","Yes"
"B","M","Yes"
"B","M","Yes"
"B","M","Yes"
"B","M","Yes"
"B","M","Yes"
"B","M","Yes"
"B","M","Yes"
"B","M","Yes"
"B","M","Yes"
"B","M","Yes"
"B","M","Yes"
"B","M","Yes"
"B","M","Yes"
"B","M","Yes"
"B","M","Yes"
"B","M","Yes"
"B","M","Yes"
"B","M","Yes"
"B","M","Yes"
"B","M","Yes"
"B","M","Yes"
"B","M","Yes"
"B","M","Yes"
"B","M","Yes"
"B","M","Yes"
"B","M","Yes"
"B","M","Yes"
"B","M","Yes"
"B","M","Yes"
"B","M","Yes"
"B","M","Yes"
"B","M","Yes"
"B","M","Yes"
"B","M","Yes"
"B","M","Yes"
"B","M","Yes"
"B","M","Yes"
"B","M","Yes"
"B","M","Yes"
"B","M","Yes"
"B","M","Yes"
"B","M","Yes"
"B","M","Yes"
"B","M","Yes"
"B","M","Yes"
"B","M","Yes"
"B","M","Yes"
"B","M","Yes"
"B","M","Yes"
"B","M","Yes"
"B","M","Yes"
"B","M","Yes"
"B","M","Yes"
"B","M","Yes"
"B","M","Yes"
"B","M","Yes"
"B","M","Yes"
"B","M","Yes"
"B","M","Yes"
"B","M","Yes"
"B","M","Yes"
"B","M","Yes"
"B","M","Yes"
"B","M","Yes"
"B","M","Yes"
"B","M","Yes"
"B","M","Yes"
"B","M","Yes"
"B","M","Yes"
"B","M","Yes"
"B","M","Yes"
"B","M","Yes"
"B","M","Yes"
"B","M","Yes"
"B","M","Yes"
"B","M","Yes"
"B","M","Yes"
"B","M","Yes"
"B","M","Yes"
"B","M","Yes"
"B","M","Yes"
"B","M","Yes"
"B","M","Yes"
"B","M","Yes"
"B","M","Yes"
"B","M","Yes"
"B","M","Yes"
"B","M","Yes"
"B","M","No"
"B","M","No"
"B","M","No"
"B","M","No"
"B","M","No"
"B","M","No"
"B","M","No"
"B","M","No"
"B","M","No"
"B","M","No"
"B","M","No"
"B","M","No"
"B","M","No"
"B","M","No"
"B","M","No"
"B","M","No"
"B","M","No"
"B","M","No"
"B","M","No"
"B","M","No"
"B","M","No"
"B","M","No"
"B","M","No"
"B","M","No"
"B","M","No"
"B","M","No"
"B","M","No"
"B","M","No"
"B","M","No"
"B","M","No"
"B","M","No"
"B","M","No"
"B","M","No"
"B","M","No"
"B","M","No"
"B","M","No"
"B","M","No"
"B","M","No"
"B","M","No"
"B","M","No"
"B","M","No"
"B","M","No"
"B","M","No"
"B","M","No"
"B","M","No"
"B","M","No"
"B","M","No"
"B","M","No"
"B","M","No"
"B","M","No"
"B","M","No"
"B","M","No"
"B","M","No"
"B","M","No"
"B","M","No"
"B","M","No"
"B","M","No"
"B","M","No"
"B","M","No"
"B","M","No"
"B","M","No"
"B","M","No"
"B","M","No"
"B","M","No"
"B","M","No"
"B","M","No"
"B","M","No"
"B","M","No"
"B","M","No"
"B","M","No"
"B","M","No"
"B","M","No"
"B","M","No"
"B","M","No"
"B","M","No"
"B","M","No"
"B","M","No"
"B","M","No"
"B","M","No"
"B","M","No"
"B","M","No"
"B","M","No"
"B","M","No"
"B","M","No"
"B","M","No"
"B","M","No"
"B","M","No"
"B","M","No"
"B","M","No"
"B","M","No"
"B","M","No"
"B","M","No"
"B","M","No"
"B","M","No"
"B","M","No"
"B","M","No"
"B","M","No"
"B","M","No"
"B","M","No"
"B","M","No"
"B","M","No"
"B","M","No"
"B","M","No"
"B","M","No"
"B","M","No"
"B","M","No"
"B","M","No"
"B","M","No"
"B","M","No"
"B","M","No"
"B","M","No"
"B","M","No"
"B","M","No"
"B","M","No"
"B","M","No"
"B","M","No"
"B","M","No"
"B","M","No"
"B","M","No"
"B","M","No"
"B","M","No"
"B","M","No"
"B","M","No"
"B","M","No"
"B","M","No"
"B","M","No"
"B","M","No"
"B","M","No"
"B","M","No"
"B","M","No"
"B","M","No"
"B","M","No"
"B","M","No"
"B","M","No"
"B","M","No"
"B","M","No"
"B","M","No"
"B","M","No"
"B","M","No"
"B","M","No"
"B","M","No"
"B","M","No"
"B","M","No"
"B","M","No"
"B","M","No"
"B","M","No"
"B","M","No"
"B","M","No"
"B","M","No"
"B","M","No"
"B","M","No"
"B","M","No"
"B","M","No"
"B","M","No"
"B","M","No"
"B","M","No"
"B","M","No"
"B","M","No"
"B","M","No"
"B","M","No"
"B","M","No"
"B","M","No"
"B","M","No"
"B","M","No"
"B","M","No"
"B","M","No"
"B","M","No"
"B","M","No"
"B","M","No"
"B","M","No"
"B","M","No"
"B","M","No"
"B","M","No"
"B","M","No"
"B","M","No"
"B","M","No"
"B","M","No"
"B","M","No"
"B","M","No"
"B","M","No"
"B","M","No"
"B","M","No"
"B","M","No"
"B","M","No"
"B","M","No"
"B","M","No"
"B","M","No"
"B","M","No"
"B","M","No"
"B","M","No"
"B","M","No"
"B","M","No"
"B","M","No"
"B","M","No"
"B","M","No"
"B","M","No"
"B","M","No"
"B","M","No"
"B","M","No"
"B","M","No"
"B","M","No"
"B","M","No"
"B","M","No"
"B","M","No"
"B","M","No"
"B","M","No"
"B","M","No"
"B","W","Yes"
"B","W","Yes"
"B","W","Yes"
"B","W","Yes"
"B","W","Yes"
"B","W","Yes"
"B","W","Yes"
"B","W","Yes"
"B","W","Yes"
"B","W","Yes"
"B","W","Yes"
"B","W","Yes"
"B","W","Yes"
"B","W","Yes"
"B","W","Yes"
"B","W","Yes"
"B","W","Yes"
"B","W","No"
"B","W","No"
"B","W","No"
"B","W","No"
"B","W","No"
"B","W","No"
"B","W","No"
"B","W","No"
"C","M","Yes"
"C","M","Yes"
"C","M","Yes"
"C","M","Yes"
"C","M","Yes"
"C","M","Yes"
"C","M","Yes"
"C","M","Yes"
"C","M","Yes"
"C","M","Yes"
"C","M","Yes"
"C","M","Yes"
"C","M","Yes"
"C","M","Yes"
"C","M","Yes"
"C","M","Yes"
"C","M","Yes"
"C","M","Yes"
"C","M","Yes"
"C","M","Yes"
"C","M","Yes"
"C","M","Yes"
"C","M","Yes"
"C","M","Yes"
"C","M","Yes"
"C","M","Yes"
"C","M","Yes"
"C","M","Yes"
"C","M","Yes"
"C","M","Yes"
"C","M","Yes"
"C","M","Yes"
"C","M","Yes"
"C","M","Yes"
"C","M","Yes"
"C","M","Yes"
"C","M","Yes"
"C","M","Yes"
"C","M","Yes"
"C","M","Yes"
"C","M","Yes"
"C","M","Yes"
"C","M","Yes"
"C","M","Yes"
"C","M","Yes"
"C","M","Yes"
"C","M","Yes"
"C","M","Yes"
"C","M","Yes"
"C","M","Yes"
"C","M","Yes"
"C","M","Yes"
"C","M","Yes"
"C","M","Yes"
"C","M","Yes"
"C","M","Yes"
"C","M","Yes"
"C","M","Yes"
"C","M","Yes"
"C","M","Yes"
"C","M","Yes"
"C","M","Yes"
"C","M","Yes"
"C","M","Yes"
"C","M","Yes"
"C","M","Yes"
"C","M","Yes"
"C","M","Yes"
"C","M","Yes"
"C","M","Yes"
"C","M","Yes"
"C","M","Yes"
"C","M","Yes"
"C","M","Yes"
"C","M","Yes"
"C","M","Yes"
"C","M","Yes"
"C","M","Yes"
"C","M","Yes"
"C","M","Yes"
"C","M","Yes"
"C","M","Yes"
"C","M","Yes"
"C","M","Yes"
"C","M","Yes"
"C","M","Yes"
"C","M","Yes"
"C","M","Yes"
"C","M","Yes"
"C","M","Yes"
"C","M","Yes"
"C","M","Yes"
"C","M","Yes"
"C","M","Yes"
"C","M","Yes"
"C","M","Yes"
"C","M","Yes"
"C","M","Yes"
"C","M","Yes"
"C","M","Yes"
"C","M","Yes"
"C","M","Yes"
"C","M","Yes"
"C","M","Yes"
"C","M","Yes"
"C","M","Yes"
"C","M","Yes"
"C","M","Yes"
"C","M","Yes"
"C","M","Yes"
"C","M","Yes"
"C","M","Yes"
"C","M","Yes"
"C","M","Yes"
"C","M","Yes"
"C","M","Yes"
"C","M","Yes"
"C","M","Yes"
"C","M","Yes"
"C","M","Yes"
"C","M","No"
"C","M","No"
"C","M","No"
"C","M","No"
"C","M","No"
"C","M","No"
"C","M","No"
"C","M","No"
"C","M","No"
"C","M","No"
"C","M","No"
"C","M","No"
"C","M","No"
"C","M","No"
"C","M","No"
"C","M","No"
"C","M","No"
"C","M","No"
"C","M","No"
"C","M","No"
"C","M","No"
"C","M","No"
"C","M","No"
"C","M","No"
"C","M","No"
"C","M","No"
"C","M","No"
"C","M","No"
"C","M","No"
"C","M","No"
"C","M","No"
"C","M","No"
"C","M","No"
"C","M","No"
"C","M","No"
"C","M","No"
"C","M","No"
"C","M","No"
"C","M","No"
"C","M","No"
"C","M","No"
"C","M","No"
"C","M","No"
"C","M","No"
"C","M","No"
"C","M","No"
"C","M","No"
"C","M","No"
"C","M","No"
"C","M","No"
"C","M","No"
"C","M","No"
"C","M","No"
"C","M","No"
"C","M","No"
"C","M","No"
"C","M","No"
"C","M","No"
"C","M","No"
"C","M","No"
"C","M","No"
"C","M","No"
"C","M","No"
"C","M","No"
"C","M","No"
"C","M","No"
"C","M","No"
"C","M","No"
"C","M","No"
"C","M","No"
"C","M","No"
"C","M","No"
"C","M","No"
"C","M","No"
"C","M","No"
"C","M","No"
"C","M","No"
"C","M","No"
"C","M","No"
"C","M","No"
"C","M","No"
"C","M","No"
"C","M","No"
"C","M","No"
"C","M","No"
"C","M","No"
"C","M","No"
"C","M","No"
"C","M","No"
"C","M","No"
"C","M","No"
"C","M","No"
"C","M","No"
"C","M","No"
"C","M","No"
"C","M","No"
"C","M","No"
"C","M","No"
"C","M","No"
"C","M","No"
"C","M","No"
"C","M","No"
"C","M","No"
"C","M","No"
"C","M","No"
"C","M","No"
"C","M","No"
"C","M","No"
"C","M","No"
"C","M","No"
"C","M","No"
"C","M","No"
"C","M","No"
"C","M","No"
"C","M","No"
"C","M","No"
"C","M","No"
"C","M","No"
"C","M","No"
"C","M","No"
"C","M","No"
"C","M","No"
"C","M","No"
"C","M","No"
"C","M","No"
"C","M","No"
"C","M","No"
"C","M","No"
"C","M","No"
"C","M","No"
"C","M","No"
"C","M","No"
"C","M","No"
"C","M","No"
"C","M","No"
"C","M","No"
"C","M","No"
"C","M","No"
"C","M","No"
"C","M","No"
"C","M","No"
"C","M","No"
"C","M","No"
"C","M","No"
"C","M","No"
"C","M","No"
"C","M","No"
"C","M","No"
"C","M","No"
"C","M","No"
"C","M","No"
"C","M","No"
"C","M","No"
"C","M","No"
"C","M","No"
"C","M","No"
"C","M","No"
"C","M","No"
"C","M","No"
"C","M","No"
"C","M","No"
"C","M","No"
"C","M","No"
"C","M","No"
"C","M","No"
"C","M","No"
"C","M","No"
"C","M","No"
"C","M","No"
"C","M","No"
"C","M","No"
"C","M","No"
"C","M","No"
"C","M","No"
"C","M","No"
"C","M","No"
"C","M","No"
"C","M","No"
"C","M","No"
"C","M","No"
"C","M","No"
"C","M","No"
"C","M","No"
"C","M","No"
"C","M","No"
"C","M","No"
"C","M","No"
"C","M","No"
"C","M","No"
"C","M","No"
"C","M","No"
"C","M","No"
"C","M","No"
"C","M","No"
"C","M","No"
"C","M","No"
"C","M","No"
"C","M","No"
"C","M","No"
"C","M","No"
"C","M","No"
"C","M","No"
"C","M","No"
"C","M","No"
"C","M","No"
"C","W","Yes"
"C","W","Yes"
"C","W","Yes"
"C","W","Yes"
"C","W","Yes"
"C","W","Yes"
"C","W","Yes"
"C","W","Yes"
"C","W","Yes"
"C","W","Yes"
"C","W","Yes"
"C","W","Yes"
"C","W","Yes"
"C","W","Yes"
"C","W","Yes"
"C","W","Yes"
"C","W","Yes"
"C","W","Yes"
"C","W","Yes"
"C","W","Yes"
"C","W","Yes"
"C","W","Yes"
"C","W","Yes"
"C","W","Yes"
"C","W","Yes"
"C","W","Yes"
"C","W","Yes"
"C","W","Yes"
"C","W","Yes"
"C","W","Yes"
"C","W","Yes"
"C","W","Yes"
"C","W","Yes"
"C","W","Yes"
"C","W","Yes"
"C","W","Yes"
"C","W","Yes"
"C","W","Yes"
"C","W","Yes"
"C","W","Yes"
"C","W","Yes"
"C","W","Yes"
"C","W","Yes"
"C","W","Yes"
"C","W","Yes"
"C","W","Yes"
"C","W","Yes"
"C","W","Yes"
"C","W","Yes"
"C","W","Yes"
"C","W","Yes"
"C","W","Yes"
"C","W","Yes"
"C","W","Yes"
"C","W","Yes"
"C","W","Yes"
"C","W","Yes"
"C","W","Yes"
"C","W","Yes"
"C","W","Yes"
"C","W","Yes"
"C","W","Yes"
"C","W","Yes"
"C","W","Yes"
"C","W","Yes"
"C","W","Yes"
"C","W","Yes"
"C","W","Yes"
"C","W","Yes"
"C","W","Yes"
"C","W","Yes"
"C","W","Yes"
"C","W","Yes"
"C","W","Yes"
"C","W","Yes"
"C","W","Yes"
"C","W","Yes"
"C","W","Yes"
"C","W","Yes"
"C","W","Yes"
"C","W","Yes"
"C","W","Yes"
"C","W","Yes"
"C","W","Yes"
"C","W","Yes"
"C","W","Yes"
"C","W","Yes"
"C","W","Yes"
"C","W","Yes"
"C","W","Yes"
"C","W","Yes"
"C","W","Yes"
"C","W","Yes"
"C","W","Yes"
"C","W","Yes"
"C","W","Yes"
"C","W","Yes"
"C","W","Yes"
"C","W","Yes"
"C","W","Yes"
"C","W","Yes"
"C","W","Yes"
"C","W","Yes"
"C","W","Yes"
"C","W","Yes"
"C","W","Yes"
"C","W","Yes"
"C","W","Yes"
"C","W","Yes"
"C","W","Yes"
"C","W","Yes"
"C","W","Yes"
"C","W","Yes"
"C","W","Yes"
"C","W","Yes"
"C","W","Yes"
"C","W","Yes"
"C","W","Yes"
"C","W","Yes"
"C","W","Yes"
"C","W","Yes"
"C","W","Yes"
"C","W","Yes"
"C","W","Yes"
"C","W","Yes"
"C","W","Yes"
"C","W","Yes"
"C","W","Yes"
"C","W","Yes"
"C","W","Yes"
"C","W","Yes"
"C","W","Yes"
"C","W","Yes"
"C","W","Yes"
"C","W","Yes"
"C","W","Yes"
"C","W","Yes"
"C","W","Yes"
"C","W","Yes"
"C","W","Yes"
"C","W","Yes"
"C","W","Yes"
"C","W","Yes"
"C","W","Yes"
"C","W","Yes"
"C","W","Yes"
"C","W","Yes"
"C","W","Yes"
"C","W","Yes"
"C","W","Yes"
"C","W","Yes"
"C","W","Yes"
"C","W","Yes"
"C","W","Yes"
"C","W","Yes"
"C","W","Yes"
"C","W","Yes"
"C","W","Yes"
"C","W","Yes"
"C","W","Yes"
"C","W","Yes"
"C","W","Yes"
"C","W","Yes"
"C","W","Yes"
"C","W","Yes"
"C","W","Yes"
"C","W","Yes"
"C","W","Yes"
"C","W","Yes"
"C","W","Yes"
"C","W","Yes"
"C","W","Yes"
"C","W","Yes"
"C","W","Yes"
"C","W","Yes"
"C","W","Yes"
"C","W","Yes"
"C","W","Yes"
"C","W","Yes"
"C","W","Yes"
"C","W","Yes"
"C","W","Yes"
"C","W","Yes"
"C","W","Yes"
"C","W","Yes"
"C","W","Yes"
"C","W","Yes"
"C","W","Yes"
"C","W","Yes"
"C","W","Yes"
"C","W","Yes"
"C","W","Yes"
"C","W","Yes"
"C","W","Yes"
"C","W","Yes"
"C","W","Yes"
"C","W","Yes"
"C","W","Yes"
"C","W","Yes"
"C","W","Yes"
"C","W","Yes"
"C","W","No"
"C","W","No"
"C","W","No"
"C","W","No"
"C","W","No"
"C","W","No"
"C","W","No"
"C","W","No"
"C","W","No"
"C","W","No"
"C","W","No"
"C","W","No"
"C","W","No"
"C","W","No"
"C","W","No"
"C","W","No"
"C","W","No"
"C","W","No"
"C","W","No"
"C","W","No"
"C","W","No"
"C","W","No"
"C","W","No"
"C","W","No"
"C","W","No"
"C","W","No"
"C","W","No"
"C","W","No"
"C","W","No"
"C","W","No"
"C","W","No"
"C","W","No"
"C","W","No"
"C","W","No"
"C","W","No"
"C","W","No"
"C","W","No"
"C","W","No"
"C","W","No"
"C","W","No"
"C","W","No"
"C","W","No"
"C","W","No"
"C","W","No"
"C","W","No"
"C","W","No"
"C","W","No"
"C","W","No"
"C","W","No"
"C","W","No"
"C","W","No"
"C","W","No"
"C","W","No"
"C","W","No"
"C","W","No"
"C","W","No"
"C","W","No"
"C","W","No"
"C","W","No"
"C","W","No"
"C","W","No"
"C","W","No"
"C","W","No"
"C","W","No"
"C","W","No"
"C","W","No"
"C","W","No"
"C","W","No"
"C","W","No"
"C","W","No"
"C","W","No"
"C","W","No"
"C","W","No"
"C","W","No"
"C","W","No"
"C","W","No"
"C","W","No"
"C","W","No"
"C","W","No"
"C","W","No"
"C","W","No"
"C","W","No"
"C","W","No"
"C","W","No"
"C","W","No"
"C","W","No"
"C","W","No"
"C","W","No"
"C","W","No"
"C","W","No"
"C","W","No"
"C","W","No"
"C","W","No"
"C","W","No"
"C","W","No"
"C","W","No"
"C","W","No"
"C","W","No"
"C","W","No"
"C","W","No"
"C","W","No"
"C","W","No"
"C","W","No"
"C","W","No"
"C","W","No"
"C","W","No"
"C","W","No"
"C","W","No"
"C","W","No"
"C","W","No"
"C","W","No"
"C","W","No"
"C","W","No"
"C","W","No"
"C","W","No"
"C","W","No"
"C","W","No"
"C","W","No"
"C","W","No"
"C","W","No"
"C","W","No"
"C","W","No"
"C","W","No"
"C","W","No"
"C","W","No"
"C","W","No"
"C","W","No"
"C","W","No"
"C","W","No"
"C","W","No"
"C","W","No"
"C","W","No"
"C","W","No"
"C","W","No"
"C","W","No"
"C","W","No"
"C","W","No"
"C","W","No"
"C","W","No"
"C","W","No"
"C","W","No"
"C","W","No"
"C","W","No"
"C","W","No"
"C","W","No"
"C","W","No"
"C","W","No"
"C","W","No"
"C","W","No"
"C","W","No"
"C","W","No"
"C","W","No"
"C","W","No"
"C","W","No"
"C","W","No"
"C","W","No"
"C","W","No"
"C","W","No"
"C","W","No"
"C","W","No"
"C","W","No"
"C","W","No"
"C","W","No"
"C","W","No"
"C","W","No"
"C","W","No"
"C","W","No"
"C","W","No"
"C","W","No"
"C","W","No"
"C","W","No"
"C","W","No"
"C","W","No"
"C","W","No"
"C","W","No"
"C","W","No"
"C","W","No"
"C","W","No"
"C","W","No"
"C","W","No"
"C","W","No"
"C","W","No"
"C","W","No"
"C","W","No"
"C","W","No"
"C","W","No"
"C","W","No"
"C","W","No"
"C","W","No"
"C","W","No"
"C","W","No"
"C","W","No"
"C","W","No"
"C","W","No"
"C","W","No"
"C","W","No"
"C","W","No"
"C","W","No"
"C","W","No"
"C","W","No"
"C","W","No"
"C","W","No"
"C","W","No"
"C","W","No"
"C","W","No"
"C","W","No"
"C","W","No"
"C","W","No"
"C","W","No"
"C","W","No"
"C","W","No"
"C","W","No"
"C","W","No"
"C","W","No"
"C","W","No"
"C","W","No"
"C","W","No"
"C","W","No"
"C","W","No"
"C","W","No"
"C","W","No"
"C","W","No"
"C","W","No"
"C","W","No"
"C","W","No"
"C","W","No"
"C","W","No"
"C","W","No"
"C","W","No"
"C","W","No"
"C","W","No"
"C","W","No"
"C","W","No"
"C","W","No"
"C","W","No"
"C","W","No"
"C","W","No"
"C","W","No"
"C","W","No"
"C","W","No"
"C","W","No"
"C","W","No"
"C","W","No"
"C","W","No"
"C","W","No"
"C","W","No"
"C","W","No"
"C","W","No"
"C","W","No"
"C","W","No"
"C","W","No"
"C","W","No"
"C","W","No"
"C","W","No"
"C","W","No"
"C","W","No"
"C","W","No"
"C","W","No"
"C","W","No"
"C","W","No"
"C","W","No"
"C","W","No"
"C","W","No"
"C","W","No"
"C","W","No"
"C","W","No"
"C","W","No"
"C","W","No"
"C","W","No"
"C","W","No"
"C","W","No"
"C","W","No"
"C","W","No"
"C","W","No"
"C","W","No"
"C","W","No"
"C","W","No"
"C","W","No"
"C","W","No"
"C","W","No"
"C","W","No"
"C","W","No"
"C","W","No"
"C","W","No"
"C","W","No"
"C","W","No"
"C","W","No"
"C","W","No"
"C","W","No"
"C","W","No"
"C","W","No"
"C","W","No"
"C","W","No"
"C","W","No"
"C","W","No"
"C","W","No"
"C","W","No"
"C","W","No"
"C","W","No"
"C","W","No"
"C","W","No"
"C","W","No"
"C","W","No"
"C","W","No"
"C","W","No"
"C","W","No"
"C","W","No"
"C","W","No"
"C","W","No"
"C","W","No"
"C","W","No"
"C","W","No"
"C","W","No"
"C","W","No"
"C","W","No"
"C","W","No"
"C","W","No"
"C","W","No"
"C","W","No"
"C","W","No"
"C","W","No"
"C","W","No"
"C","W","No"
"C","W","No"
"C","W","No"
"C","W","No"
"C","W","No"
"C","W","No"
"C","W","No"
"C","W","No"
"C","W","No"
"C","W","No"
"C","W","No"
"C","W","No"
"C","W","No"
"C","W","No"
"C","W","No"
"C","W","No"
"C","W","No"
"C","W","No"
"C","W","No"
"C","W","No"
"C","W","No"
"C","W","No"
"C","W","No"
"C","W","No"
"C","W","No"
"C","W","No"
"C","W","No"
"C","W","No"
"C","W","No"
"C","W","No"
"C","W","No"
"C","W","No"
"C","W","No"
"C","W","No"
"C","W","No"
"C","W","No"
"C","W","No"
"C","W","No"
"C","W","No"
"C","W","No"
"C","W","No"
"C","W","No"
"C","W","No"
"C","W","No"
"C","W","No"
"C","W","No"
"C","W","No"
"C","W","No"
"C","W","No"
"C","W","No"
"C","W","No"
"C","W","No"
"C","W","No"
"C","W","No"
"C","W","No"
"C","W","No"
"C","W","No"
"C","W","No"
"C","W","No"
"C","W","No"
"C","W","No"
"C","W","No"
"C","W","No"
"C","W","No"
"C","W","No"
"C","W","No"
"C","W","No"
"C","W","No"
"D","M","Yes"
"D","M","Yes"
"D","M","Yes"
"D","M","Yes"
"D","M","Yes"
"D","M","Yes"
"D","M","Yes"
"D","M","Yes"
"D","M","Yes"
"D","M","Yes"
"D","M","Yes"
"D","M","Yes"
"D","M","Yes"
"D","M","Yes"
"D","M","Yes"
"D","M","Yes"
"D","M","Yes"
"D","M","Yes"
"D","M","Yes"
"D","M","Yes"
"D","M","Yes"
"D","M","Yes"
"D","M","Yes"
"D","M","Yes"
"D","M","Yes"
"D","M","Yes"
"D","M","Yes"
"D","M","Yes"
"D","M","Yes"
"D","M","Yes"
"D","M","Yes"
"D","M","Yes"
"D","M","Yes"
"D","M","Yes"
"D","M","Yes"
"D","M","Yes"
"D","M","Yes"
"D","M","Yes"
"D","M","Yes"
"D","M","Yes"
"D","M","Yes"
"D","M","Yes"
"D","M","Yes"
"D","M","Yes"
"D","M","Yes"
"D","M","Yes"
"D","M","Yes"
"D","M","Yes"
"D","M","Yes"
"D","M","Yes"
"D","M","Yes"
"D","M","Yes"
"D","M","Yes"
"D","M","Yes"
"D","M","Yes"
"D","M","Yes"
"D","M","Yes"
"D","M","Yes"
"D","M","Yes"
"D","M","Yes"
"D","M","Yes"
"D","M","Yes"
"D","M","Yes"
"D","M","Yes"
"D","M","Yes"
"D","M","Yes"
"D","M","Yes"
"D","M","Yes"
"D","M","Yes"
"D","M","Yes"
"D","M","Yes"
"D","M","Yes"
"D","M","Yes"
"D","M","Yes"
"D","M","Yes"
"D","M","Yes"
"D","M","Yes"
"D","M","Yes"
"D","M","Yes"
"D","M","Yes"
"D","M","Yes"
"D","M","Yes"
"D","M","Yes"
"D","M","Yes"
"D","M","Yes"
"D","M","Yes"
"D","M","Yes"
"D","M","Yes"
"D","M","Yes"
"D","M","Yes"
"D","M","Yes"
"D","M","Yes"
"D","M","Yes"
"D","M","Yes"
"D","M","Yes"
"D","M","Yes"
"D","M","Yes"
"D","M","Yes"
"D","M","Yes"
"D","M","Yes"
"D","M","Yes"
"D","M","Yes"
"D","M","Yes"
"D","M","Yes"
"D","M","Yes"
"D","M","Yes"
"D","M","Yes"
"D","M","Yes"
"D","M","Yes"
"D","M","Yes"
"D","M","Yes"
"D","M","Yes"
"D","M","Yes"
"D","M","Yes"
"D","M","Yes"
"D","M","Yes"
"D","M","Yes"
"D","M","Yes"
"D","M","Yes"
"D","M","Yes"
"D","M","Yes"
"D","M","Yes"
"D","M","Yes"
"D","M","Yes"
"D","M","Yes"
"D","M","Yes"
"D","M","Yes"
"D","M","Yes"
"D","M","Yes"
"D","M","Yes"
"D","M","Yes"
"D","M","Yes"
"D","M","Yes"
"D","M","Yes"
"D","M","Yes"
"D","M","Yes"
"D","M","Yes"
"D","M","Yes"
"D","M","No"
"D","M","No"
"D","M","No"
"D","M","No"
"D","M","No"
"D","M","No"
"D","M","No"
"D","M","No"
"D","M","No"
"D","M","No"
"D","M","No"
"D","M","No"
"D","M","No"
"D","M","No"
"D","M","No"
"D","M","No"
"D","M","No"
"D","M","No"
"D","M","No"
"D","M","No"
"D","M","No"
"D","M","No"
"D","M","No"
"D","M","No"
"D","M","No"
"D","M","No"
"D","M","No"
"D","M","No"
"D","M","No"
"D","M","No"
"D","M","No"
"D","M","No"
"D","M","No"
"D","M","No"
"D","M","No"
"D","M","No"
"D","M","No"
"D","M","No"
"D","M","No"
"D","M","No"
"D","M","No"
"D","M","No"
"D","M","No"
"D","M","No"
"D","M","No"
"D","M","No"
"D","M","No"
"D","M","No"
"D","M","No"
"D","M","No"
"D","M","No"
"D","M","No"
"D","M","No"
"D","M","No"
"D","M","No"
"D","M","No"
"D","M","No"
"D","M","No"
"D","M","No"
"D","M","No"
"D","M","No"
"D","M","No"
"D","M","No"
"D","M","No"
"D","M","No"
"D","M","No"
"D","M","No"
"D","M","No"
"D","M","No"
"D","M","No"
"D","M","No"
"D","M","No"
"D","M","No"
"D","M","No"
"D","M","No"
"D","M","No"
"D","M","No"
"D","M","No"
"D","M","No"
"D","M","No"
"D","M","No"
"D","M","No"
"D","M","No"
"D","M","No"
"D","M","No"
"D","M","No"
"D","M","No"
"D","M","No"
"D","M","No"
"D","M","No"
"D","M","No"
"D","M","No"
"D","M","No"
"D","M","No"
"D","M","No"
"D","M","No"
"D","M","No"
"D","M","No"
"D","M","No"
"D","M","No"
"D","M","No"
"D","M","No"
"D","M","No"
"D","M","No"
"D","M","No"
"D","M","No"
"D","M","No"
"D","M","No"
"D","M","No"
"D","M","No"
"D","M","No"
"D","M","No"
"D","M","No"
"D","M","No"
"D","M","No"
"D","M","No"
"D","M","No"
"D","M","No"
"D","M","No"
"D","M","No"
"D","M","No"
"D","M","No"
"D","M","No"
"D","M","No"
"D","M","No"
"D","M","No"
"D","M","No"
"D","M","No"
"D","M","No"
"D","M","No"
"D","M","No"
"D","M","No"
"D","M","No"
"D","M","No"
"D","M","No"
"D","M","No"
"D","M","No"
"D","M","No"
"D","M","No"
"D","M","No"
"D","M","No"
"D","M","No"
"D","M","No"
"D","M","No"
"D","M","No"
"D","M","No"
"D","M","No"
"D","M","No"
"D","M","No"
"D","M","No"
"D","M","No"
"D","M","No"
"D","M","No"
"D","M","No"
"D","M","No"
"D","M","No"
"D","M","No"
"D","M","No"
"D","M","No"
"D","M","No"
"D","M","No"
"D","M","No"
"D","M","No"
"D","M","No"
"D","M","No"
"D","M","No"
"D","M","No"
"D","M","No"
"D","M","No"
"D","M","No"
"D","M","No"
"D","M","No"
"D","M","No"
"D","M","No"
"D","M","No"
"D","M","No"
"D","M","No"
"D","M","No"
"D","M","No"
"D","M","No"
"D","M","No"
"D","M","No"
"D","M","No"
"D","M","No"
"D","M","No"
"D","M","No"
"D","M","No"
"D","M","No"
"D","M","No"
"D","M","No"
"D","M","No"
"D","M","No"
"D","M","No"
"D","M","No"
"D","M","No"
"D","M","No"
"D","M","No"
"D","M","No"
"D","M","No"
"D","M","No"
"D","M","No"
"D","M","No"
"D","M","No"
"D","M","No"
"D","M","No"
"D","M","No"
"D","M","No"
"D","M","No"
"D","M","No"
"D","M","No"
"D","M","No"
"D","M","No"
"D","M","No"
"D","M","No"
"D","M","No"
"D","M","No"
"D","M","No"
"D","M","No"
"D","M","No"
"D","M","No"
"D","M","No"
"D","M","No"
"D","M","No"
"D","M","No"
"D","M","No"
"D","M","No"
"D","M","No"
"D","M","No"
"D","M","No"
"D","M","No"
"D","M","No"
"D","M","No"
"D","M","No"
"D","M","No"
"D","M","No"
"D","M","No"
"D","M","No"
"D","M","No"
"D","M","No"
"D","M","No"
"D","M","No"
"D","M","No"
"D","M","No"
"D","M","No"
"D","M","No"
"D","M","No"
"D","M","No"
"D","M","No"
"D","M","No"
"D","M","No"
"D","M","No"
"D","M","No"
"D","M","No"
"D","M","No"
"D","M","No"
"D","M","No"
"D","M","No"
"D","M","No"
"D","M","No"
"D","M","No"
"D","M","No"
"D","M","No"
"D","M","No"
"D","M","No"
"D","M","No"
"D","M","No"
"D","M","No"
"D","M","No"
"D","M","No"
"D","M","No"
"D","M","No"
"D","M","No"
"D","M","No"
"D","M","No"
"D","M","No"
"D","M","No"
"D","M","No"
"D","M","No"
"D","M","No"
"D","M","No"
"D","W","Yes"
"D","W","Yes"
"D","W","Yes"
"D","W","Yes"
"D","W","Yes"
"D","W","Yes"
"D","W","Yes"
"D","W","Yes"
"D","W","Yes"
"D","W","Yes"
"D","W","Yes"
"D","W","Yes"
"D","W","Yes"
"D","W","Yes"
"D","W","Yes"
"D","W","Yes"
"D","W","Yes"
"D","W","Yes"
"D","W","Yes"
"D","W","Yes"
"D","W","Yes"
"D","W","Yes"
"D","W","Yes"
"D","W","Yes"
"D","W","Yes"
"D","W","Yes"
"D","W","Yes"
"D","W","Yes"
"D","W","Yes"
"D","W","Yes"
"D","W","Yes"
"D","W","Yes"
"D","W","Yes"
"D","W","Yes"
"D","W","Yes"
"D","W","Yes"
"D","W","Yes"
"D","W","Yes"
"D","W","Yes"
"D","W","Yes"
"D","W","Yes"
"D","W","Yes"
"D","W","Yes"
"D","W","Yes"
"D","W","Yes"
"D","W","Yes"
"D","W","Yes"
"D","W","Yes"
"D","W","Yes"
"D","W","Yes"
"D","W","Yes"
"D","W","Yes"
"D","W","Yes"
"D","W","Yes"
"D","W","Yes"
"D","W","Yes"
"D","W","Yes"
"D","W","Yes"
"D","W","Yes"
"D","W","Yes"
"D","W","Yes"
"D","W","Yes"
"D","W","Yes"
"D","W","Yes"
"D","W","Yes"
"D","W","Yes"
"D","W","Yes"
"D","W","Yes"
"D","W","Yes"
"D","W","Yes"
"D","W","Yes"
"D","W","Yes"
"D","W","Yes"
"D","W","Yes"
"D","W","Yes"
"D","W","Yes"
"D","W","Yes"
"D","W","Yes"
"D","W","Yes"
"D","W","Yes"
"D","W","Yes"
"D","W","Yes"
"D","W","Yes"
"D","W","Yes"
"D","W","Yes"
"D","W","Yes"
"D","W","Yes"
"D","W","Yes"
"D","W","Yes"
"D","W","Yes"
"D","W","Yes"
"D","W","Yes"
"D","W","Yes"
"D","W","Yes"
"D","W","Yes"
"D","W","Yes"
"D","W","Yes"
"D","W","Yes"
"D","W","Yes"
"D","W","Yes"
"D","W","Yes"
"D","W","Yes"
"D","W","Yes"
"D","W","Yes"
"D","W","Yes"
"D","W","Yes"
"D","W","Yes"
"D","W","Yes"
"D","W","Yes"
"D","W","Yes"
"D","W","Yes"
"D","W","Yes"
"D","W","Yes"
"D","W","Yes"
"D","W","Yes"
"D","W","Yes"
"D","W","Yes"
"D","W","Yes"
"D","W","Yes"
"D","W","Yes"
"D","W","Yes"
"D","W","Yes"
"D","W","Yes"
"D","W","Yes"
"D","W","Yes"
"D","W","Yes"
"D","W","Yes"
"D","W","Yes"
"D","W","Yes"
"D","W","Yes"
"D","W","Yes"
"D","W","No"
"D","W","No"
"D","W","No"
"D","W","No"
"D","W","No"
"D","W","No"
"D","W","No"
"D","W","No"
"D","W","No"
"D","W","No"
"D","W","No"
"D","W","No"
"D","W","No"
"D","W","No"
"D","W","No"
"D","W","No"
"D","W","No"
"D","W","No"
"D","W","No"
"D","W","No"
"D","W","No"
"D","W","No"
"D","W","No"
"D","W","No"
"D","W","No"
"D","W","No"
"D","W","No"
"D","W","No"
"D","W","No"
"D","W","No"
"D","W","No"
"D","W","No"
"D","W","No"
"D","W","No"
"D","W","No"
"D","W","No"
"D","W","No"
"D","W","No"
"D","W","No"
"D","W","No"
"D","W","No"
"D","W","No"
"D","W","No"
"D","W","No"
"D","W","No"
"D","W","No"
"D","W","No"
"D","W","No"
"D","W","No"
"D","W","No"
"D","W","No"
"D","W","No"
"D","W","No"
"D","W","No"
"D","W","No"
"D","W","No"
"D","W","No"
"D","W","No"
"D","W","No"
"D","W","No"
"D","W","No"
"D","W","No"
"D","W","No"
"D","W","No"
"D","W","No"
"D","W","No"
"D","W","No"
"D","W","No"
"D","W","No"
"D","W","No"
"D","W","No"
"D","W","No"
"D","W","No"
"D","W","No"
"D","W","No"
"D","W","No"
"D","W","No"
"D","W","No"
"D","W","No"
"D","W","No"
"D","W","No"
"D","W","No"
"D","W","No"
"D","W","No"
"D","W","No"
"D","W","No"
"D","W","No"
"D","W","No"
"D","W","No"
"D","W","No"
"D","W","No"
"D","W","No"
"D","W","No"
"D","W","No"
"D","W","No"
"D","W","No"
"D","W","No"
"D","W","No"
"D","W","No"
"D","W","No"
"D","W","No"
"D","W","No"
"D","W","No"
"D","W","No"
"D","W","No"
"D","W","No"
"D","W","No"
"D","W","No"
"D","W","No"
"D","W","No"
"D","W","No"
"D","W","No"
"D","W","No"
"D","W","No"
"D","W","No"
"D","W","No"
"D","W","No"
"D","W","No"
"D","W","No"
"D","W","No"
"D","W","No"
"D","W","No"
"D","W","No"
"D","W","No"
"D","W","No"
"D","W","No"
"D","W","No"
"D","W","No"
"D","W","No"
"D","W","No"
"D","W","No"
"D","W","No"
"D","W","No"
"D","W","No"
"D","W","No"
"D","W","No"
"D","W","No"
"D","W","No"
"D","W","No"
"D","W","No"
"D","W","No"
"D","W","No"
"D","W","No"
"D","W","No"
"D","W","No"
"D","W","No"
"D","W","No"
"D","W","No"
"D","W","No"
"D","W","No"
"D","W","No"
"D","W","No"
"D","W","No"
"D","W","No"
"D","W","No"
"D","W","No"
"D","W","No"
"D","W","No"
"D","W","No"
"D","W","No"
"D","W","No"
"D","W","No"
"D","W","No"
"D","W","No"
"D","W","No"
"D","W","No"
"D","W","No"
"D","W","No"
"D","W","No"
"D","W","No"
"D","W","No"
"D","W","No"
"D","W","No"
"D","W","No"
"D","W","No"
"D","W","No"
"D","W","No"
"D","W","No"
"D","W","No"
"D","W","No"
"D","W","No"
"D","W","No"
"D","W","No"
"D","W","No"
"D","W","No"
"D","W","No"
"D","W","No"
"D","W","No"
"D","W","No"
"D","W","No"
"D","W","No"
"D","W","No"
"D","W","No"
"D","W","No"
"D","W","No"
"D","W","No"
"D","W","No"
"D","W","No"
"D","W","No"
"D","W","No"
"D","W","No"
"D","W","No"
"D","W","No"
"D","W","No"
"D","W","No"
"D","W","No"
"D","W","No"
"D","W","No"
"D","W","No"
"D","W","No"
"D","W","No"
"D","W","No"
"D","W","No"
"D","W","No"
"D","W","No"
"D","W","No"
"D","W","No"
"D","W","No"
"D","W","No"
"D","W","No"
"D","W","No"
"D","W","No"
"D","W","No"
"D","W","No"
"D","W","No"
"D","W","No"
"D","W","No"
"D","W","No"
"D","W","No"
"D","W","No"
"D","W","No"
"D","W","No"
"D","W","No"
"D","W","No"
"D","W","No"
"D","W","No"
"D","W","No"
"D","W","No"
"D","W","No"
"D","W","No"
"D","W","No"
"D","W","No"
"D","W","No"
"D","W","No"
"E","M","Yes"
"E","M","Yes"
"E","M","Yes"
"E","M","Yes"
"E","M","Yes"
"E","M","Yes"
"E","M","Yes"
"E","M","Yes"
"E","M","Yes"
"E","M","Yes"
"E","M","Yes"
"E","M","Yes"
"E","M","Yes"
"E","M","Yes"
"E","M","Yes"
"E","M","Yes"
"E","M","Yes"
"E","M","Yes"
"E","M","Yes"
"E","M","Yes"
"E","M","Yes"
"E","M","Yes"
"E","M","Yes"
"E","M","Yes"
"E","M","Yes"
"E","M","Yes"
"E","M","Yes"
"E","M","Yes"
"E","M","Yes"
"E","M","Yes"
"E","M","Yes"
"E","M","Yes"
"E","M","Yes"
"E","M","Yes"
"E","M","Yes"
"E","M","Yes"
"E","M","Yes"
"E","M","Yes"
"E","M","Yes"
"E","M","Yes"
"E","M","Yes"
"E","M","Yes"
"E","M","Yes"
"E","M","Yes"
"E","M","Yes"
"E","M","Yes"
"E","M","Yes"
"E","M","Yes"
"E","M","Yes"
"E","M","Yes"
"E","M","Yes"
"E","M","Yes"
"E","M","Yes"
"E","M","No"
"E","M","No"
"E","M","No"
"E","M","No"
"E","M","No"
"E","M","No"
"E","M","No"
"E","M","No"
"E","M","No"
"E","M","No"
"E","M","No"
"E","M","No"
"E","M","No"
"E","M","No"
"E","M","No"
"E","M","No"
"E","M","No"
"E","M","No"
"E","M","No"
"E","M","No"
"E","M","No"
"E","M","No"
"E","M","No"
"E","M","No"
"E","M","No"
"E","M","No"
"E","M","No"
"E","M","No"
"E","M","No"
"E","M","No"
"E","M","No"
"E","M","No"
"E","M","No"
"E","M","No"
"E","M","No"
"E","M","No"
"E","M","No"
"E","M","No"
"E","M","No"
"E","M","No"
"E","M","No"
"E","M","No"
"E","M","No"
"E","M","No"
"E","M","No"
"E","M","No"
"E","M","No"
"E","M","No"
"E","M","No"
"E","M","No"
"E","M","No"
"E","M","No"
"E","M","No"
"E","M","No"
"E","M","No"
"E","M","No"
"E","M","No"
"E","M","No"
"E","M","No"
"E","M","No"
"E","M","No"
"E","M","No"
"E","M","No"
"E","M","No"
"E","M","No"
"E","M","No"
"E","M","No"
"E","M","No"
"E","M","No"
"E","M","No"
"E","M","No"
"E","M","No"
"E","M","No"
"E","M","No"
"E","M","No"
"E","M","No"
"E","M","No"
"E","M","No"
"E","M","No"
"E","M","No"
"E","M","No"
"E","M","No"
"E","M","No"
"E","M","No"
"E","M","No"
"E","M","No"
"E","M","No"
"E","M","No"
"E","M","No"
"E","M","No"
"E","M","No"
"E","M","No"
"E","M","No"
"E","M","No"
"E","M","No"
"E","M","No"
"E","M","No"
"E","M","No"
"E","M","No"
"E","M","No"
"E","M","No"
"E","M","No"
"E","M","No"
"E","M","No"
"E","M","No"
"E","M","No"
"E","M","No"
"E","M","No"
"E","M","No"
"E","M","No"
"E","M","No"
"E","M","No"
"E","M","No"
"E","M","No"
"E","M","No"
"E","M","No"
"E","M","No"
"E","M","No"
"E","M","No"
"E","M","No"
"E","M","No"
"E","M","No"
"E","M","No"
"E","M","No"
"E","M","No"
"E","M","No"
"E","M","No"
"E","M","No"
"E","M","No"
"E","M","No"
"E","M","No"
"E","M","No"
"E","M","No"
"E","M","No"
"E","M","No"
"E","M","No"
"E","M","No"
"E","M","No"
"E","W","Yes"
"E","W","Yes"
"E","W","Yes"
"E","W","Yes"
"E","W","Yes"
"E","W","Yes"
"E","W","Yes"
"E","W","Yes"
"E","W","Yes"
"E","W","Yes"
"E","W","Yes"
"E","W","Yes"
"E","W","Yes"
"E","W","Yes"
"E","W","Yes"
"E","W","Yes"
"E","W","Yes"
"E","W","Yes"
"E","W","Yes"
"E","W","Yes"
"E","W","Yes"
"E","W","Yes"
"E","W","Yes"
"E","W","Yes"
"E","W","Yes"
"E","W","Yes"
"E","W","Yes"
"E","W","Yes"
"E","W","Yes"
"E","W","Yes"
"E","W","Yes"
"E","W","Yes"
"E","W","Yes"
"E","W","Yes"
"E","W","Yes"
"E","W","Yes"
"E","W","Yes"
"E","W","Yes"
"E","W","Yes"
"E","W","Yes"
"E","W","Yes"
"E","W","Yes"
"E","W","Yes"
"E","W","Yes"
"E","W","Yes"
"E","W","Yes"
"E","W","Yes"
"E","W","Yes"
"E","W","Yes"
"E","W","Yes"
"E","W","Yes"
"E","W","Yes"
"E","W","Yes"
"E","W","Yes"
"E","W","Yes"
"E","W","Yes"
"E","W","Yes"
"E","W","Yes"
"E","W","Yes"
"E","W","Yes"
"E","W","Yes"
"E","W","Yes"
"E","W","Yes"
"E","W","Yes"
"E","W","Yes"
"E","W","Yes"
"E","W","Yes"
"E","W","Yes"
"E","W","Yes"
"E","W","Yes"
"E","W","Yes"
"E","W","Yes"
"E","W","Yes"
"E","W","Yes"
"E","W","Yes"
"E","W","Yes"
"E","W","Yes"
"E","W","Yes"
"E","W","Yes"
"E","W","Yes"
"E","W","Yes"
"E","W","Yes"
"E","W","Yes"
"E","W","Yes"
"E","W","Yes"
"E","W","Yes"
"E","W","Yes"
"E","W","Yes"
"E","W","Yes"
"E","W","Yes"
"E","W","Yes"
"E","W","Yes"
"E","W","Yes"
"E","W","Yes"
"E","W","Yes"
"E","W","No"
"E","W","No"
"E","W","No"
"E","W","No"
"E","W","No"
"E","W","No"
"E","W","No"
"E","W","No"
"E","W","No"
"E","W","No"
"E","W","No"
"E","W","No"
"E","W","No"
"E","W","No"
"E","W","No"
"E","W","No"
"E","W","No"
"E","W","No"
"E","W","No"
"E","W","No"
"E","W","No"
"E","W","No"
"E","W","No"
"E","W","No"
"E","W","No"
"E","W","No"
"E","W","No"
"E","W","No"
"E","W","No"
"E","W","No"
"E","W","No"
"E","W","No"
"E","W","No"
"E","W","No"
"E","W","No"
"E","W","No"
"E","W","No"
"E","W","No"
"E","W","No"
"E","W","No"
"E","W","No"
"E","W","No"
"E","W","No"
"E","W","No"
"E","W","No"
"E","W","No"
"E","W","No"
"E","W","No"
"E","W","No"
"E","W","No"
"E","W","No"
"E","W","No"
"E","W","No"
"E","W","No"
"E","W","No"
"E","W","No"
"E","W","No"
"E","W","No"
"E","W","No"
"E","W","No"
"E","W","No"
"E","W","No"
"E","W","No"
"E","W","No"
"E","W","No"
"E","W","No"
"E","W","No"
"E","W","No"
"E","W","No"
"E","W","No"
"E","W","No"
"E","W","No"
"E","W","No"
"E","W","No"
"E","W","No"
"E","W","No"
"E","W","No"
"E","W","No"
"E","W","No"
"E","W","No"
"E","W","No"
"E","W","No"
"E","W","No"
"E","W","No"
"E","W","No"
"E","W","No"
"E","W","No"
"E","W","No"
"E","W","No"
"E","W","No"
"E","W","No"
"E","W","No"
"E","W","No"
"E","W","No"
"E","W","No"
"E","W","No"
"E","W","No"
"E","W","No"
"E","W","No"
"E","W","No"
"E","W","No"
"E","W","No"
"E","W","No"
"E","W","No"
"E","W","No"
"E","W","No"
"E","W","No"
"E","W","No"
"E","W","No"
"E","W","No"
"E","W","No"
"E","W","No"
"E","W","No"
"E","W","No"
"E","W","No"
"E","W","No"
"E","W","No"
"E","W","No"
"E","W","No"
"E","W","No"
"E","W","No"
"E","W","No"
"E","W","No"
"E","W","No"
"E","W","No"
"E","W","No"
"E","W","No"
"E","W","No"
"E","W","No"
"E","W","No"
"E","W","No"
"E","W","No"
"E","W","No"
"E","W","No"
"E","W","No"
"E","W","No"
"E","W","No"
"E","W","No"
"E","W","No"
"E","W","No"
"E","W","No"
"E","W","No"
"E","W","No"
"E","W","No"
"E","W","No"
"E","W","No"
"E","W","No"
"E","W","No"
"E","W","No"
"E","W","No"
"E","W","No"
"E","W","No"
"E","W","No"
"E","W","No"
"E","W","No"
"E","W","No"
"E","W","No"
"E","W","No"
"E","W","No"
"E","W","No"
"E","W","No"
"E","W","No"
"E","W","No"
"E","W","No"
"E","W","No"
"E","W","No"
"E","W","No"
"E","W","No"
"E","W","No"
"E","W","No"
"E","W","No"
"E","W","No"
"E","W","No"
"E","W","No"
"E","W","No"
"E","W","No"
"E","W","No"
"E","W","No"
"E","W","No"
"E","W","No"
"E","W","No"
"E","W","No"
"E","W","No"
"E","W","No"
"E","W","No"
"E","W","No"
"E","W","No"
"E","W","No"
"E","W","No"
"E","W","No"
"E","W","No"
"E","W","No"
"E","W","No"
"E","W","No"
"E","W","No"
"E","W","No"
"E","W","No"
"E","W","No"
"E","W","No"
"E","W","No"
"E","W","No"
"E","W","No"
"E","W","No"
"E","W","No"
"E","W","No"
"E","W","No"
"E","W","No"
"E","W","No"
"E","W","No"
"E","W","No"
"E","W","No"
"E","W","No"
"E","W","No"
"E","W","No"
"E","W","No"
"E","W","No"
"E","W","No"
"E","W","No"
"E","W","No"
"E","W","No"
"E","W","No"
"E","W","No"
"E","W","No"
"E","W","No"
"E","W","No"
"E","W","No"
"E","W","No"
"E","W","No"
"E","W","No"
"E","W","No"
"E","W","No"
"E","W","No"
"E","W","No"
"E","W","No"
"E","W","No"
"E","W","No"
"E","W","No"
"E","W","No"
"E","W","No"
"E","W","No"
"E","W","No"
"E","W","No"
"E","W","No"
"E","W","No"
"E","W","No"
"E","W","No"
"E","W","No"
"E","W","No"
"E","W","No"
"E","W","No"
"E","W","No"
"E","W","No"
"E","W","No"
"E","W","No"
"E","W","No"
"E","W","No"
"E","W","No"
"E","W","No"
"E","W","No"
"E","W","No"
"E","W","No"
"E","W","No"
"E","W","No"
"E","W","No"
"E","W","No"
"E","W","No"
"E","W","No"
"E","W","No"
"E","W","No"
"E","W","No"
"E","W","No"
"E","W","No"
"E","W","No"
"E","W","No"
"E","W","No"
"E","W","No"
"E","W","No"
"E","W","No"
"E","W","No"
"E","W","No"
"E","W","No"
"E","W","No"
"E","W","No"
"E","W","No"
"E","W","No"
"E","W","No"
"E","W","No"
"E","W","No"
"E","W","No"
"E","W","No"
"E","W","No"
"E","W","No"
"E","W","No"
"E","W","No"
"E","W","No"
"E","W","No"
"E","W","No"
"E","W","No"
"E","W","No"
"F","M","Yes"
"F","M","Yes"
"F","M","Yes"
"F","M","Yes"
"F","M","Yes"
"F","M","Yes"
"F","M","Yes"
"F","M","Yes"
"F","M","Yes"
"F","M","Yes"
"F","M","Yes"
"F","M","Yes"
"F","M","Yes"
"F","M","Yes"
"F","M","Yes"
"F","M","Yes"
"F","M","Yes"
"F","M","Yes"
"F","M","Yes"
"F","M","Yes"
"F","M","Yes"
"F","M","Yes"
"F","M","No"
"F","M","No"
"F","M","No"
"F","M","No"
"F","M","No"
"F","M","No"
"F","M","No"
"F","M","No"
"F","M","No"
"F","M","No"
"F","M","No"
"F","M","No"
"F","M","No"
"F","M","No"
"F","M","No"
"F","M","No"
"F","M","No"
"F","M","No"
"F","M","No"
"F","M","No"
"F","M","No"
"F","M","No"
"F","M","No"
"F","M","No"
"F","M","No"
"F","M","No"
"F","M","No"
"F","M","No"
"F","M","No"
"F","M","No"
"F","M","No"
"F","M","No"
"F","M","No"
"F","M","No"
"F","M","No"
"F","M","No"
"F","M","No"
"F","M","No"
"F","M","No"
"F","M","No"
"F","M","No"
"F","M","No"
"F","M","No"
"F","M","No"
"F","M","No"
"F","M","No"
"F","M","No"
"F","M","No"
"F","M","No"
"F","M","No"
"F","M","No"
"F","M","No"
"F","M","No"
"F","M","No"
"F","M","No"
"F","M","No"
"F","M","No"
"F","M","No"
"F","M","No"
"F","M","No"
"F","M","No"
"F","M","No"
"F","M","No"
"F","M","No"
"F","M","No"
"F","M","No"
"F","M","No"
"F","M","No"
"F","M","No"
"F","M","No"
"F","M","No"
"F","M","No"
"F","M","No"
"F","M","No"
"F","M","No"
"F","M","No"
"F","M","No"
"F","M","No"
"F","M","No"
"F","M","No"
"F","M","No"
"F","M","No"
"F","M","No"
"F","M","No"
"F","M","No"
"F","M","No"
"F","M","No"
"F","M","No"
"F","M","No"
"F","M","No"
"F","M","No"
"F","M","No"
"F","M","No"
"F","M","No"
"F","M","No"
"F","M","No"
"F","M","No"
"F","M","No"
"F","M","No"
"F","M","No"
"F","M","No"
"F","M","No"
"F","M","No"
"F","M","No"
"F","M","No"
"F","M","No"
"F","M","No"
"F","M","No"
"F","M","No"
"F","M","No"
"F","M","No"
"F","M","No"
"F","M","No"
"F","M","No"
"F","M","No"
"F","M","No"
"F","M","No"
"F","M","No"
"F","M","No"
"F","M","No"
"F","M","No"
"F","M","No"
"F","M","No"
"F","M","No"
"F","M","No"
"F","M","No"
"F","M","No"
"F","M","No"
"F","M","No"
"F","M","No"
"F","M","No"
"F","M","No"
"F","M","No"
"F","M","No"
"F","M","No"
"F","M","No"
"F","M","No"
"F","M","No"
"F","M","No"
"F","M","No"
"F","M","No"
"F","M","No"
"F","M","No"
"F","M","No"
"F","M","No"
"F","M","No"
"F","M","No"
"F","M","No"
"F","M","No"
"F","M","No"
"F","M","No"
"F","M","No"
"F","M","No"
"F","M","No"
"F","M","No"
"F","M","No"
"F","M","No"
"F","M","No"
"F","M","No"
"F","M","No"
"F","M","No"
"F","M","No"
"F","M","No"
"F","M","No"
"F","M","No"
"F","M","No"
"F","M","No"
"F","M","No"
"F","M","No"
"F","M","No"
"F","M","No"
"F","M","No"
"F","M","No"
"F","M","No"
"F","M","No"
"F","M","No"
"F","M","No"
"F","M","No"
"F","M","No"
"F","M","No"
"F","M","No"
"F","M","No"
"F","M","No"
"F","M","No"
"F","M","No"
"F","M","No"
"F","M","No"
"F","M","No"
"F","M","No"
"F","M","No"
"F","M","No"
"F","M","No"
"F","M","No"
"F","M","No"
"F","M","No"
"F","M","No"
"F","M","No"
"F","M","No"
"F","M","No"
"F","M","No"
"F","M","No"
"F","M","No"
"F","M","No"
"F","M","No"
"F","M","No"
"F","M","No"
"F","M","No"
"F","M","No"
"F","M","No"
"F","M","No"
"F","M","No"
"F","M","No"
"F","M","No"
"F","M","No"
"F","M","No"
"F","M","No"
"F","M","No"
"F","M","No"
"F","M","No"
"F","M","No"
"F","M","No"
"F","M","No"
"F","M","No"
"F","M","No"
"F","M","No"
"F","M","No"
"F","M","No"
"F","M","No"
"F","M","No"
"F","M","No"
"F","M","No"
"F","M","No"
"F","M","No"
"F","M","No"
"F","M","No"
"F","M","No"
"F","M","No"
"F","M","No"
"F","M","No"
"F","M","No"
"F","M","No"
"F","M","No"
"F","M","No"
"F","M","No"
"F","M","No"
"F","M","No"
"F","M","No"
"F","M","No"
"F","M","No"
"F","M","No"
"F","M","No"
"F","M","No"
"F","M","No"
"F","M","No"
"F","M","No"
"F","M","No"
"F","M","No"
"F","M","No"
"F","M","No"
"F","M","No"
"F","M","No"
"F","M","No"
"F","M","No"
"F","M","No"
"F","M","No"
"F","M","No"
"F","M","No"
"F","M","No"
"F","M","No"
"F","M","No"
"F","M","No"
"F","M","No"
"F","M","No"
"F","M","No"
"F","M","No"
"F","M","No"
"F","M","No"
"F","M","No"
"F","M","No"
"F","M","No"
"F","M","No"
"F","M","No"
"F","M","No"
"F","M","No"
"F","M","No"
"F","M","No"
"F","M","No"
"F","M","No"
"F","M","No"
"F","M","No"
"F","M","No"
"F","M","No"
"F","M","No"
"F","M","No"
"F","M","No"
"F","M","No"
"F","M","No"
"F","M","No"
"F","M","No"
"F","M","No"
"F","M","No"
"F","M","No"
"F","M","No"
"F","M","No"
"F","M","No"
"F","M","No"
"F","M","No"
"F","M","No"
"F","M","No"
"F","M","No"
"F","M","No"
"F","M","No"
"F","M","No"
"F","M","No"
"F","M","No"
"F","M","No"
"F","M","No"
"F","M","No"
"F","M","No"
"F","M","No"
"F","M","No"
"F","M","No"
"F","M","No"
"F","M","No"
"F","M","No"
"F","M","No"
"F","M","No"
"F","M","No"
"F","M","No"
"F","M","No"
"F","M","No"
"F","M","No"
"F","M","No"
"F","M","No"
"F","M","No"
"F","M","No"
"F","M","No"
"F","M","No"
"F","M","No"
"F","M","No"
"F","M","No"
"F","M","No"
"F","M","No"
"F","M","No"
"F","M","No"
"F","M","No"
"F","M","No"
"F","M","No"
"F","M","No"
"F","M","No"
"F","M","No"
"F","W","Yes"
"F","W","Yes"
"F","W","Yes"
"F","W","Yes"
"F","W","Yes"
"F","W","Yes"
"F","W","Yes"
"F","W","Yes"
"F","W","Yes"
"F","W","Yes"
"F","W","Yes"
"F","W","Yes"
"F","W","Yes"
"F","W","Yes"
"F","W","Yes"
"F","W","Yes"
"F","W","Yes"
"F","W","Yes"
"F","W","Yes"
"F","W","Yes"
"F","W","Yes"
"F","W","Yes"
"F","W","Yes"
"F","W","Yes"
"F","W","No"
"F","W","No"
"F","W","No"
"F","W","No"
"F","W","No"
"F","W","No"
"F","W","No"
"F","W","No"
"F","W","No"
"F","W","No"
"F","W","No"
"F","W","No"
"F","W","No"
"F","W","No"
"F","W","No"
"F","W","No"
"F","W","No"
"F","W","No"
"F","W","No"
"F","W","No"
"F","W","No"
"F","W","No"
"F","W","No"
"F","W","No"
"F","W","No"
"F","W","No"
"F","W","No"
"F","W","No"
"F","W","No"
"F","W","No"
"F","W","No"
"F","W","No"
"F","W","No"
"F","W","No"
"F","W","No"
"F","W","No"
"F","W","No"
"F","W","No"
"F","W","No"
"F","W","No"
"F","W","No"
"F","W","No"
"F","W","No"
"F","W","No"
"F","W","No"
"F","W","No"
"F","W","No"
"F","W","No"
"F","W","No"
"F","W","No"
"F","W","No"
"F","W","No"
"F","W","No"
"F","W","No"
"F","W","No"
"F","W","No"
"F","W","No"
"F","W","No"
"F","W","No"
"F","W","No"
"F","W","No"
"F","W","No"
"F","W","No"
"F","W","No"
"F","W","No"
"F","W","No"
"F","W","No"
"F","W","No"
"F","W","No"
"F","W","No"
"F","W","No"
"F","W","No"
"F","W","No"
"F","W","No"
"F","W","No"
"F","W","No"
"F","W","No"
"F","W","No"
"F","W","No"
"F","W","No"
"F","W","No"
"F","W","No"
"F","W","No"
"F","W","No"
"F","W","No"
"F","W","No"
"F","W","No"
"F","W","No"
"F","W","No"
"F","W","No"
"F","W","No"
"F","W","No"
"F","W","No"
"F","W","No"
"F","W","No"
"F","W","No"
"F","W","No"
"F","W","No"
"F","W","No"
"F","W","No"
"F","W","No"
"F","W","No"
"F","W","No"
"F","W","No"
"F","W","No"
"F","W","No"
"F","W","No"
"F","W","No"
"F","W","No"
"F","W","No"
"F","W","No"
"F","W","No"
"F","W","No"
"F","W","No"
"F","W","No"
"F","W","No"
"F","W","No"
"F","W","No"
"F","W","No"
"F","W","No"
"F","W","No"
"F","W","No"
"F","W","No"
"F","W","No"
"F","W","No"
"F","W","No"
"F","W","No"
"F","W","No"
"F","W","No"
"F","W","No"
"F","W","No"
"F","W","No"
"F","W","No"
"F","W","No"
"F","W","No"
"F","W","No"
"F","W","No"
"F","W","No"
"F","W","No"
"F","W","No"
"F","W","No"
"F","W","No"
"F","W","No"
"F","W","No"
"F","W","No"
"F","W","No"
"F","W","No"
"F","W","No"
"F","W","No"
"F","W","No"
"F","W","No"
"F","W","No"
"F","W","No"
"F","W","No"
"F","W","No"
"F","W","No"
"F","W","No"
"F","W","No"
"F","W","No"
"F","W","No"
"F","W","No"
"F","W","No"
"F","W","No"
"F","W","No"
"F","W","No"
"F","W","No"
"F","W","No"
"F","W","No"
"F","W","No"
"F","W","No"
"F","W","No"
"F","W","No"
"F","W","No"
"F","W","No"
"F","W","No"
"F","W","No"
"F","W","No"
"F","W","No"
"F","W","No"
"F","W","No"
"F","W","No"
"F","W","No"
"F","W","No"
"F","W","No"
"F","W","No"
"F","W","No"
"F","W","No"
"F","W","No"
"F","W","No"
"F","W","No"
"F","W","No"
"F","W","No"
"F","W","No"
"F","W","No"
"F","W","No"
"F","W","No"
"F","W","No"
"F","W","No"
"F","W","No"
"F","W","No"
"F","W","No"
"F","W","No"
"F","W","No"
"F","W","No"
"F","W","No"
"F","W","No"
"F","W","No"
"F","W","No"
"F","W","No"
"F","W","No"
"F","W","No"
"F","W","No"
"F","W","No"
"F","W","No"
"F","W","No"
"F","W","No"
"F","W","No"
"F","W","No"
"F","W","No"
"F","W","No"
"F","W","No"
"F","W","No"
"F","W","No"
"F","W","No"
"F","W","No"
"F","W","No"
"F","W","No"
"F","W","No"
"F","W","No"
"F","W","No"
"F","W","No"
"F","W","No"
"F","W","No"
"F","W","No"
"F","W","No"
"F","W","No"
"F","W","No"
"F","W","No"
"F","W","No"
"F","W","No"
"F","W","No"
"F","W","No"
"F","W","No"
"F","W","No"
"F","W","No"
"F","W","No"
"F","W","No"
"F","W","No"
"F","W","No"
"F","W","No"
"F","W","No"
"F","W","No"
"F","W","No"
"F","W","No"
"F","W","No"
"F","W","No"
"F","W","No"
"F","W","No"
"F","W","No"
"F","W","No"
"F","W","No"
"F","W","No"
"F","W","No"
"F","W","No"
"F","W","No"
"F","W","No"
"F","W","No"
"F","W","No"
"F","W","No"
"F","W","No"
"F","W","No"
"F","W","No"
"F","W","No"
"F","W","No"
"F","W","No"
"F","W","No"
"F","W","No"
"F","W","No"
"F","W","No"
"F","W","No"
"F","W","No"
"F","W","No"
"F","W","No"
"F","W","No"
"F","W","No"
"F","W","No"
"F","W","No"
"F","W","No"
"F","W","No"
"F","W","No"
"F","W","No"
"F","W","No"
"F","W","No"
"F","W","No"
"F","W","No"
"F","W","No"
"F","W","No"
"F","W","No"
"F","W","No"
"F","W","No"
"F","W","No"
"F","W","No"
"F","W","No"
"F","W","No"
"F","W","No"
"F","W","No"
"F","W","No"
"F","W","No"
"F","W","No"
"F","W","No"
"F","W","No"
"F","W","No"
"F","W","No"
"F","W","No"
"F","W","No"
"F","W","No"
"F","W","No"
"F","W","No"
